{"cameraMode":{"drawMode":0,"name":"Shaded","section":"Shading Mode"},"sceneLighting":false,"audioPlay":false,"sceneViewState":{"showFog":false,"showMaterialUpdate":false,"showSkybox":false,"showFlares":false,"showImageEffects":false,"showParticleSystems":false},"in2DMode":false,"pivot":{"x":6.293907642364502,"y":2.4157862663269045,"z":-3.2013683319091799},"rotation":{"x":0.2960969805717468,"y":-0.12560075521469117,"z":0.039410725235939029,"w":0.9461317658424377},"size":0.6415950059890747,"orthographic":false}