{"cameraMode":{"drawMode":0,"name":"Shaded","section":"Shading Mode"},"sceneLighting":true,"audioPlay":false,"sceneViewState":{"showFog":false,"showMaterialUpdate":false,"showSkybox":false,"showFlares":false,"showImageEffects":false,"showParticleSystems":false},"in2DMode":false,"pivot":{"x":-4.489876747131348,"y":2.142664670944214,"z":-1.3209521770477296},"rotation":{"x":0.1657945066690445,"y":0.657817542552948,"z":0.15106716752052308,"w":-0.7192031741142273},"size":2.205108404159546,"orthographic":false}