{"cameraMode":{"drawMode":0,"name":"Shaded","section":"Shading Mode"},"sceneLighting":true,"audioPlay":false,"sceneViewState":{"showFog":false,"showMaterialUpdate":false,"showSkybox":false,"showFlares":false,"showImageEffects":false,"showParticleSystems":false},"in2DMode":false,"pivot":{"x":-2.6800003051757814,"y":2.240000009536743,"z":-2.703000068664551},"rotation":{"x":0.06035763397812843,"y":-0.29923129081726076,"z":0.018978100270032884,"w":0.9521199464797974},"size":13.173332214355469,"orthographic":false}