{"cameraMode":{"drawMode":0,"name":"Shaded","section":"Shading Mode"},"sceneLighting":true,"audioPlay":false,"sceneViewState":{"showFog":false,"showMaterialUpdate":false,"showSkybox":false,"showFlares":false,"showImageEffects":false,"showParticleSystems":false},"in2DMode":false,"pivot":{"x":-2.1282358169555666,"y":2.9953832626342775,"z":-1.5167880058288575},"rotation":{"x":0.04470963776111603,"y":-0.8443878293037415,"z":0.07136587798595429,"w":0.5291444659233093},"size":13.173332214355469,"orthographic":false}